{"val_loss": [1.2196029517787714, 1.0050338922383877, 1.025321958045038, 0.9817825010195137, 0.9906568304549296, 0.9687745554229845, 1.088983160860821, 1.0503211150181848, 1.0891621461530892, 1.230702496117547, 1.026114483162859], "val_acc": [0.5063897723159471, 0.6351437677495396, 0.6530351392293986, 0.6715654928130083, 0.6821086250126552, 0.7060702835706572, 0.6830670908545724, 0.7086261957550583, 0.7137380176696915, 0.6939297107890391, 0.7370606997904305], "loss": [1.3254254702562247, 0.7512475164976664, 0.5402891697449388, 0.4186489485218173, 0.33705295709573496, 0.27532305676033797, 0.22726306230796042, 0.19037679852622852, 0.15889119157762122, 0.13343897178929218, 0.11410681940820572], "acc": [0.4772501377870539, 0.729721812494229, 0.807758702108775, 0.8518460390519963, 0.8812759584836185, 0.9033928624482364, 0.9191906512318017, 0.9329692535381034, 0.9430651917487562, 0.9523032373207824, 0.9596057932124656]}