{"val_loss": [13.460926973667389, 13.460926973667389, 13.460926973667389, 13.460926973667389], "val_acc": [0.16485623014620698, 0.16485623014620698, 0.16485623014620698, 0.16485623014620698], "loss": [13.459754311646682, 13.464038684259055, 13.464038684259055, 13.464038684259055], "acc": [0.16469455977564046, 0.16466317344000325, 0.16466317344000325, 0.16466317344000325]}