{"val_loss": [0.8599288763228459, 0.6778763092197359, 0.6926262895502269, 0.7221686263991216, 0.7755263346497314, 0.7388944051323679, 0.7668195748261322], "val_acc": [0.6830670913199361, 0.7607028742543996, 0.7536741215533341, 0.7674121405131901, 0.7543130978323019, 0.7808306685413796, 0.7798722014402429], "loss": [0.8698640357353253, 0.42520982208861624, 0.3103502258171541, 0.24478408046138553, 0.1994259530781888, 0.16578839851874969, 0.13814203968809674], "acc": [0.6713223058581521, 0.8502662605702432, 0.891842691282962, 0.9143676176725987, 0.9301026344708392, 0.9418934354170188, 0.9506711484413518]}