{"val_loss": [13.57421710140789, 13.57421710140789, 13.57421710140789, 13.57421710140789], "val_acc": [0.1578274760764247, 0.1578274760764247, 0.1578274760764247, 0.1578274760764247], "loss": [13.595188148452001, 13.604001016511958, 13.604001016511958, 13.604001016511958], "acc": [0.1559586967667379, 0.15597962099465332, 0.15597962099465332, 0.15597962099465332]}