{"val_loss": [1.1746220234103095, 1.0403426632904016, 0.9111398989685808, 0.9785178744659637, 0.9670810475421789, 0.9435082506067075, 0.9067647640411847, 0.7770922703674427, 0.7596822157454567, 0.7525858853190852, 0.8128629537721792, 0.7793959997142085, 0.8225333402046381, 0.8383549729475198], "val_acc": [0.5722044717008694, 0.6373801928453933, 0.6948881761715435, 0.6686900947183466, 0.6690095828840146, 0.6862619817352142, 0.7003194881037782, 0.7444089449442233, 0.7546325877070807, 0.7523961651820344, 0.7386581466792109, 0.7466453686689797, 0.7428115026828961, 0.7325878601675978], "loss": [1.1837937910901797, 0.7561380285705884, 0.6183979406585162, 0.5413148253702946, 0.4854801557087644, 0.44591686106969025, 0.4123052465345263, 0.38863444278746556, 0.36262582776365393, 0.3427228535089435, 0.32712588328896114, 0.3123371936178659, 0.296484020066639, 0.28510467494548725], "acc": [0.5596392957745557, 0.741838934396116, 0.7956269002449028, 0.8233918473930453, 0.8432459480153884, 0.8585286985787517, 0.8703275973363548, 0.8769584629461975, 0.8861974048670488, 0.8933864563075987, 0.8994880078750004, 0.9049736303885181, 0.9097278364312178, 0.9137217535310673]}