{"val_loss": [1.6628499301001667, 1.1030669597486338, 1.079187433940534, 0.9249263371760472, 0.8062888790612308, 0.8303703949894583, 0.9529816474134739, 0.9634008756392418, 0.7749261978341225, 0.8824645204011339, 0.9277701147381192, 1.1208813187880844, 1.134392134506053, 1.3911246538501436], "val_acc": [0.3942492026062057, 0.5859424932220112, 0.6099041522787021, 0.6760383364967645, 0.7188498411601344, 0.7246006373018502, 0.7118210833007916, 0.7172523977133793, 0.7642172484542615, 0.7488817875853743, 0.7472843431626646, 0.7156549494106549, 0.7194888175438388, 0.7035143750306135], "loss": [1.4465680011902458, 0.8885024561240006, 0.6454340671675226, 0.520026527342006, 0.43028875186715576, 0.3646772442838716, 0.3154284858264261, 0.27479780044900287, 0.2313798096064283, 0.2039144037463625, 0.17814043560035567, 0.16004488046622697, 0.13476550604844117, 0.12390014693747316], "acc": [0.41976991750563414, 0.6750532593887615, 0.7686621222437113, 0.8139752875910345, 0.8459735837803529, 0.869982956874914, 0.8865146989460747, 0.9015551774005053, 0.9179164890436401, 0.9271836388248254, 0.9359608024650804, 0.942671498238507, 0.9515551804581956, 0.9566254844348584]}