{"val_loss": [1.0138297360402326, 0.7315912093907689, 0.6654337875711651, 0.6266598178960454, 0.6367720360846851, 0.6640523460345528, 0.6545114470818363, 0.6494469229810345, 0.6507990549226252], "val_acc": [0.6514376968014449, 0.7651757187736682, 0.7891373775780391, 0.8063897719303259, 0.7984025543728195, 0.7929712456540939, 0.8003194847426857, 0.8060702838455908, 0.8086261988162232], "loss": [1.082224299429565, 0.5582001484337247, 0.428575772335204, 0.35912120797506836, 0.3121117787564286, 0.27634057094401204, 0.2530670627155297, 0.2308950725781379, 0.21757552089188348], "acc": [0.6123369215491546, 0.8216523860772087, 0.8700815000204103, 0.893349235197116, 0.9096282803216472, 0.9216283234372289, 0.9291819689414341, 0.9371017876160082, 0.9414331023205661]}